{
    "1": {
        "method": "addColumn",
        "params": [
            "cms_database_fields_thumbnails",
            {
                "name": "thumb_record_id",
                "type": "INT",
                "length": 0,
                "decimals": null,
                "values": null,
                "allow_null": false,
                "default": "0",
                "comment": "",
                "unsigned": true,
                "zerofill": false,
                "auto_increment": false,
                "binary": false
            }
        ]
    }
}