ac,acserver,Assetto Corsa
ahl,ahlserver,Action Half-Life
ahl2,ahl2server,Action: Source
ark,arkserver,ARK: Survival Evolved
arma3,arma3server,ARMA 3
av,avserver,Avorion
bb,bbserver,BrainBread
bb2,bb2server,BrainBread 2
bd,bdserver,Base Defense
bf1942,bf1942server,Battlefield 1942
bfv,bfvserver,Battlefield: Vietnam
bmdm,bmdmserver,Black Mesa: Deathmatch
bo,boserver,Ballistic Overkill
bs,bsserver,Blade Symphony
bt,btserver,Barotrauma
bt1944,bt1944server,Battalion 1944
cc,ccserver,Codename CURE
cmw,cmwserver,Chivalry: Medieval Warfare
cod,codserver,Call of Duty
cod2,cod2server,Call of Duty 2
cod4,cod4server,Call of Duty 4
coduo,coduoserver,Call of Duty: United Offensive
codwaw,codwawserver,Call of Duty: World at War
col,colserver,Colony Survival
cs,csserver,Counter-Strike 1.6
cscz,csczserver,Counter-Strike: Condition Zero
csgo,csgoserver,Counter-Strike: Global Offensive
css,cssserver,Counter-Strike: Source
dab,dabserver,Double Action: Boogaloo
dmc,dmcserver,Deathmatch Classic
dod,dodserver,Day of Defeat
dodr,dodrserver,Day of Dragons
dods,dodsserver,Day of Defeat: Source
doi,doiserver,Day of Infamy
dst,dstserver,Don't Starve Together
dys,dysserver,Dystopia
eco,ecoserver,Eco
em,emserver,Empires Mod
etl,etlserver,ET: Legacy
fctr,fctrserver,Factorio
fof,fofserver,Fistful of Frags
gmod,gmodserver,Garrys Mod
hl2dm,hl2dmserver,Half-Life 2: Deathmatch
hldm,hldmserver,Half-Life: Deathmatch
hldms,hldmsserver,Half-Life Deathmatch: Source
hw,hwserver,Hurtworld
ins,insserver,Insurgency
inss,inssserver,Insurgency: Sandstorm
ios,iosserver,IOSoccer
jc2,jc2server,Just Cause 2
jc3,jc3server,Just Cause 3
jk2,jk2server,Jedi Knight II: Jedi Outcast
kf,kfserver,Killing Floor
kf2,kf2server,Killing Floor 2
lo,loserver,Last Oasis
l4d,l4dserver,Left 4 Dead
l4d2,l4d2server,Left 4 Dead 2
mc,mcserver,Minecraft
mcb,mcbserver,Minecraft Bedrock
mh,mhserver,MORDHAU
mohaa,mohaaserver,Medal of Honor: Allied Assault
mom,momserver,Memories of Mars
mta,mtaserver,Multi Theft Auto
mumble,mumbleserver,Mumble
nd,ndserver,Nuclear Dawn
nmrih,nmrihserver,No More Room in Hell
ns,nsserver,Natural Selection
ns2,ns2server,Natural Selection 2
ns2c,ns2cserver,NS2: Combat
onset,onsetserver,Onset
opfor,opforserver,Opposing Force
pc,pcserver,Project Cars
pmc,pmcserver,PaperMC
pstbs,pstbsserver,Post Scriptum: The Bloody Seventh
pvkii,pvkiiserver,Pirates Vikings & Knights II
pvr,pvrserver,Pavlov VR
pz,pzserver,Project Zomboid
q2,q2server,Quake 2
q3,q3server,Quake 3: Arena
ql,qlserver,Quake Live
qw,qwserver,Quake World
ricochet,ricochetserver,Ricochet
ro,roserver,Red Orchestra: Ostfront 41-45
rtcw,rtcwserver,Return to Castle Wolfenstein
rust,rustserver,Rust
rw,rwserver,Rising World
samp,sampserver,San Andreas Multiplayer
sb,sbserver,Starbound
sbots,sbotsserver,StickyBots
scpsl,scpslserver,SCP: Secret Laboratory
scpslsm,scpslsmserver,SCP: Secret Laboratory ServerMod
sdtd,sdtdserver,7 Days to Die
sfc,sfcserver,SourceForts Classic
sf,sfserver,Satisfactory
sof2,sof2server,Soldier Of Fortune 2: Gold Edition
sol,solserver,Soldat
squad,squadserver,Squad
st,stserver,Stationeers
stn,stnserver,Survive the Nights
sven,svenserver,Sven Co-op
terraria,terrariaserver,Terraria
tf2,tf2server,Team Fortress 2
tfc,tfcserver,Team Fortress Classic
ts,tsserver,The Specialists
ts3,ts3server,Teamspeak 3
tu,tuserver,Tower Unite
tw,twserver,Teeworlds
unt,untserver,Unturned
ut,utserver,Unreal Tournament
ut2k4,ut2k4server,Unreal Tournament 2004
ut3,ut3server,Unreal Tournament 3
ut99,ut99server,Unreal Tournament 99
vh,vhserver,Valheim
vints,vintsserver,Vintage Story
vs,vsserver,Vampire Slayer
wet,wetserver,Wolfenstein: Enemy Territory
wf,wfserver,Warfork
wmc,wmcserver,WaterfallMC
wurm,wurmserver,Wurm Unlimited
zmr,zmrserver,Zombie Master: Reborn
zps,zpsserver,Zombie Panic! Source
