{
    "1": {
        "method": "addColumn",
        "params": [
            "ccs_page_wizard",
            {
                "name": "wizard_previous_type",
                "type": "VARCHAR",
                "length": 32,
                "allow_null": true,
                "default": null
            }
        ]
    },
    "2": {
        "method": "addColumn",
        "params": [
            "ccs_page_wizard",
            {
                "name": "wizard_ipb_wrapper",
                "type": "TINYINT",
                "length": 1,
                "allow_null": false,
                "default": 0
            }
        ]
    },
    "3": {
        "method": "addColumn",
        "params": [
            "ccs_pages",
            {
                "name": "page_ipb_wrapper",
                "type": "TINYINT",
                "length": 1,
                "allow_null": false,
                "default": 0
            }
        ]
    }
}